;AAPL;MSFT;GOOGL
Ticker;AAPL;MSFT;GOOGL
Date;;;
2021/01/04;100.0;100.0;100.0
2021/01/05;101.23635823277408;100.09644967070545;100.80642593824093
2021/01/06;97.82858920648167;97.50102898849246;99.81171952576655
2021/01/07;101.16680846872295;100.27562673510792;102.79294857075982
2021/01/08;102.04002557156353;100.8865815890353;104.15380234605367
2021/01/11;99.66769794334783;99.90812928251522;101.7472502709222
2021/01/12;99.52860446568175;98.73214764207606;100.65464192472231
2021/01/13;101.14361714679096;99.37984349167057;101.22354740262409
2021/01/14;99.61362519508118;97.8547677074428;100.27749404486966
2021/01/15;98.24586963947992;97.68479958876917;100.08631448530653
2021/01/19;98.77906432908468;99.4258080157201;103.37982659912568
2021/01/20;102.02457275752381;103.05481072627083;108.91821786999753
2021/01/21;105.76460148741502;103.34421806900147;109.15458225336477
2021/01/22;107.46461674661512;103.79440645865728;109.64179755384784
2021/01/25;110.43968882848671;105.4389360495956;109.74144249593105
2021/01/26;110.62514679870816;106.7251625510165;110.53339079332314
2021/01/27;109.77509681605476;106.98700867850171;105.376762817292
2021/01/28;105.93459454272435;109.75699830658937;107.36156912015251
2021/01/29;101.9704576562038;106.55521630632323;105.86455615626105
2021/02/01;103.65504430310895;110.08774018086136;109.6713486598311
2021/02/02;104.31185545459529;110.0234379699488;111.18050932482792
2021/02/03;103.50047986009456;111.62663302934577;119.27722779145012
2021/02/04;106.16642305593737;111.17185839514252;118.97308172592686
2021/02/05;105.83750924355388;111.25912828542627;121.01232146836716
2021/02/08;105.95361711411861;111.3831683366843;120.76263552112303
2021/02/09;105.2571030003266;111.98034258298897;120.23371252065154
2021/02/10;104.77730341013473;111.54394938360946;120.87617117266933
2021/02/11;104.57609010406388;112.31109174858776;121.00767937467975
2021/02/12;104.76182639435025;112.54077583362651;121.3715056906555
2021/02/16;103.07472276598837;111.9481878318693;122.27931957933737
2021/02/17;101.25608265476683;112.43624008151703;122.73815763660873
2021/02/18;100.38159496032549;112.24746763106617;121.99602736380835
2021/02/19;100.50539293529287;110.94905732258835;121.01116539139521
2021/02/22;97.51043912008748;107.97469180473098;119.00957818664169
2021/02/23;97.4020939591598;107.40377362617733;119.34906463590778
2021/02/24;97.0073998044741;107.99313157016898;120.72148807382104
2021/02/25;93.6332470016761;105.43314673612872;116.79016829457125
2021/02/26;93.84219276520302;106.99400835221485;117.13543512869715
2021/03/01;98.89572278934305;109.09353860848674;119.90174946460297
2021/03/02;96.82942622382475;107.6800347067155;119.6016407755818
2021/03/03;94.46129154789156;104.77473992748776;116.52714299765069
2021/03/04;92.96768691945309;104.39257961673141;117.83179364630767
2021/03/05;93.96600284104282;106.63486676011718;121.48968343588922
2021/03/08;90.05011213273399;104.69646753445608;116.3006141614449
2021/03/09;93.71061997972619;107.63859809659915;118.20429943247292
2021/03/10;92.85163350281412;107.01241166101893;117.96271491693231
2021/03/11;94.38391251940527;109.18101265592045;121.69071632841337
2021/03/12;93.6641949828089;108.54563185726498;118.76278243182747
2021/03/15;95.95492037807482;108.1128551559706;119.0200006651889
2021/03/16;97.17767117984837;109.44807937338337;120.72613016750844
2021/03/17;96.550815737959;109.1395760458041;120.62938431075492
2021/03/18;93.27725143688784;106.22968773070214;117.10242468469778
2021/03/19;92.85934780896159;106.05932588038213;117.42800263870123
2021/03/22;95.49056755148649;108.65613920601096;117.64410899635978
2021/03/23;94.8327883302091;109.38821758048259;118.26050255910978
2021/03/24;92.93673288788409;108.41212766384068;117.75069929317455
2021/03/25;93.32368248424133;106.9755831694304;117.74662634507334
2021/03/26;93.80348207443319;108.88174014805038;117.29880659063474
2021/03/29;93.94281151911085;108.31082196949673;118.51887686944316
2021/03/30;92.78968913705896;106.74997493606418;118.55828130838744
2021/03/31;94.53096232066657;108.55483351166704;119.4881051240355
2021/04/01;95.18876574368876;111.58444541257062;123.38468034382797
2021/04/05;97.4330479907288;114.6785272249028;128.55115275992034
2021/04/06;97.67295383626092;114.121418819279;127.98918374385033
2021/04/07;98.9808403257216;115.060658370352;129.71387272801974
2021/04/08;100.8845979733217;116.60308751232691;130.37431282340143
2021/04/09;102.92769716647183;117.80021400044112;131.54686833866225
2021/04/12;101.56563507132921;117.82784083762763;130.03771656656522
2021/04/13;104.03434614811687;119.0157219233791;130.60603511308122
2021/04/14;102.17701954787026;117.68049041463952;129.8807124208732
2021/04/15;104.08852175379879;119.4807773283485;132.39153374597575
2021/04/16;103.82537618284515;120.05169550690215;132.24669508718864
2021/04/19;104.35164312300766;119.13083739065289;132.65280714163882
2021/04/20;103.01280260197798;118.90982998448769;132.03002847684368
2021/04/21;103.3146225610843;119.97803123239828;131.99178900777116
2021/04/22;102.10735482553144;118.40799712721726;130.49538076106504
2021/04/23;103.94921651086592;120.24046795735303;133.2419973239486
2021/04/26;104.25879312917306;120.42463958060287;133.8213252803976
2021/04/27;104.00340421742025;120.61803473223513;132.7234968020243
2021/04/28;103.3765427250947;117.20626252057522;136.6664218154926
2021/04/29;103.29916974704459;116.26240026832082;138.61991621821255
2021/04/30;101.73590644670347;116.11043443547813;136.345468169377
2021/05/03;102.57166529906641;115.96312046912396;135.7417914533186
2021/05/04;98.94214173582417;114.08916928091114;133.6417331692534
2021/05/05;99.13562258443898;113.48140073678856;134.10171841059693
2021/05/06;100.40481048400223;114.98240055997391;135.40985507596938
2021/05/07;100.93969324530514;116.23936696700856;136.25451159038306
2021/05/10;98.33498651418276;113.80830737317194;132.76809469444265
2021/05/11;97.60631433201914;113.37090067936937;131.51152795491942
2021/05/12;95.17214519546357;110.04202356192249;127.46722388390994
2021/05/13;96.87761189767454;111.89752040204375;129.1351228100567
2021/05/14;98.80011379660394;114.25493759535688;131.9935231232291
2021/05/17;97.88537860059945;112.88744925692266;132.60415408691887
2021/05/18;96.78457434031792;111.92056828600958;131.0718096321843
2021/05/19;96.66053434790274;112.1974710033048;131.59496114069583
2021/05/20;98.69158712259043;113.74806643127833;133.64868741688474
2021/05/21;97.23419435477362;113.14351336226775;132.9059791055984
2021/05/24;98.52880618722446;115.73246663762289;136.7822874067824
2021/05/25;98.37375165887833;116.16627141599389;136.8882996651112
2021/05/26;98.33498651418276;116.0601461546454;137.89865758120595
2021/05/27;97.11792917286786;115.05406701093881;136.87729914807798
2021/05/28;96.59854157865803;115.22482259290518;136.53953792137006
2021/06/01;96.34271098506305;114.1726258072866;137.94905364428365
2021/06/02;96.94736737655629;114.12648629139423;137.33555027396355
2021/06/03;95.76908123037315;113.3927236204354;136.00249570339545
2021/06/04;97.59078891274508;115.73708933880427;138.66684405037438
2021/06/07;97.59854557194592;117.13080457968235;139.17260104690774
2021/06/08;98.24970561602697;116.55852292302;138.94897129603166
2021/06/09;98.55204591264598;117.02925827155453;139.49934397078292
2021/06/10;97.76133860818427;118.71367142000413;141.07454330957802
2021/06/11;98.72259560808517;119.01366576922585;140.78893894010506
2021/06/14;101.14898993413132;119.93664566156943;141.87286781611544
2021/06/15;100.4977935874331;119.2305535757578;140.68407386584846
2021/06/16;100.89317749184492;118.77830903194877;139.93442019983058
2021/06/17;102.16450724582087;120.40277289157615;141.05947873734343
2021/06/18;101.13350686791063;119.72435139091174;139.16796784612012
2021/06/21;102.5598911502327;121.20112942651893;141.13943479930415
2021/06/22;103.8622354401396;122.53025080341307;141.73960771284754
2021/06/23;103.64518209211258;122.41946638424928;141.5038302608661
2021/06/24;103.42035998401234;123.07478167033359;141.93600740458407
2021/06/25;103.18778121671126;122.30410301186481;141.9458607375451
2021/06/28;104.4823930491621;124.01160050091416;141.97772399747228
2021/06/29;105.68396127382012;125.24838451540931;141.6724129620773
2021/06/30;106.17236458427996;125.01765777064038;141.46037065962017
2021/07/01;106.41267580903711;125.34070729515474;141.87170284624372
2021/07/02;108.49797074420486;128.13270214747803;145.13101286749242
2021/07/06;110.09488657065754;128.13735401396653;146.2114735125869
2021/07/07;112.07168508399276;129.1849135157502;146.54051969750623
2021/07/08;111.04061815128439;128.02656959480274;144.88363907419222
2021/07/09;112.49024215902796;128.26652715928086;145.43341592465794
2021/07/12;112.01738846958693;127.98044466156395;147.12159955521273
2021/07/13;112.90115148271384;129.66945134588778;147.5456663743274
2021/07/14;115.6221052444334;130.37552884904585;148.58324545666198
2021/07/15;115.10272370065975;129.69256485179469;147.15577496908384
2021/07/16;113.48253789660458;129.5633187932125;147.1152144531676
2021/07/19;110.4282172014627;127.83734508209123;144.34370666378774
2021/07/20;113.2964990845085;128.9034245539075;146.23407037093884
2021/07/21;112.71508846887299;129.86326939447355;147.78609481289607
2021/07/22;113.80035520900809;132.05076950840052;148.79700408877747
2021/07/23;115.16472857077684;133.67981232124856;154.1193245735899
2021/07/26;115.49808340332679;133.39370065822453;155.30117316912535
2021/07/27;113.77710943315036;132.2353421546235;152.82741745032382
2021/07/28;112.38947819465149;132.08766362193012;157.68685360846305
2021/07/29;112.90115148271384;132.21689509785872;157.3201282071576
2021/07/30;113.07167697640826;131.4831251355731;156.1023700822931
2021/08/02;112.80810787492103;131.44156457290143;156.25068586489584
2021/08/03;114.23448610680688;132.5029921782292;157.14924224490227
2021/08/04;113.91663249178623;132.22153238169366;156.56469415627993
2021/08/05;114.0019194403782;133.61058846475646;157.86933591203714
2021/08/06;113.45848136229687;133.58289600562892;157.2749522762533
2021/08/09;113.41964966280314;133.0614057313474;158.63577937284782
2021/08/10;113.0392345375355;132.1891880560776;158.51298621262603
2021/08/11;113.24108918984297;132.42456666733503;157.9012080648641
2021/08/12;115.59347458036294;133.7444134765593;158.9613840055506
2021/08/13;115.75650963404904;135.14736682847337;159.57952946955808
2021/08/16;117.32479479643125;135.95495418312532;160.25386027440288
2021/08/17;116.60277204364495;135.25349938114863;158.34439461851505
2021/08/18;113.6292851760562;134.42587546049285;156.93951209638908
2021/08/19;113.89322940458746;137.21857028018746;157.20717059409728
2021/08/20;115.05002440140916;140.72798794014548;159.23421817093327
2021/08/23;116.23010147670576;140.86209002236615;162.26066761132978
2021/08/24;116.16023103953634;139.9234337774359;163.67422960364524
2021/08/25;115.18202071741959;139.64141984006474;164.62143014547183
2021/08/26;114.54539382107673;138.29129944203123;163.8816475982145
2021/08/27;115.36831364783582;138.5825733644187;166.85184055457546
2021/08/30;118.87753033779464;140.3719670359116;167.53143595609254
2021/08/31;117.87601373545824;139.58136847266755;167.6553851932863
2021/09/01;118.40396269688272;139.55821121879995;168.25558478552904
2021/09/02;119.2889720998656;139.2437800425449;166.02110142832422
2021/09/03;119.79365108368758;139.23917192401709;166.54537344220853
2021/09/07;121.64918675482073;138.79529053202987;167.17223394800465
2021/09/08;120.42249711908481;138.80915863557402;166.48918810137124
2021/09/09;119.61507850985502;137.44051826750785;166.31538526798664
2021/09/10;115.65560045920391;136.72844729373293;163.2275748190784
2021/09/13;116.10591022338575;137.32029887148488;164.91514483954808
2021/09/14;114.99569148438617;138.61497602064904;165.16076673159077
2021/09/15;115.70217671702605;140.94070510775668;167.34488070441728
2021/09/16;115.51584748399266;141.12567148562607;166.3953324370476
2021/09/17;113.39634338258348;138.65194304744648;163.13953511121372
2021/09/20;110.97408755489408;136.07654434858375;160.7289189808808
2021/09/21;111.35449057928932;136.30770857295974;161.0921583654708
2021/09/22;113.23334463151451;138.05546876851312;162.54104295572955
2021/09/23;113.99418698292216;138.5085955628631;163.62154806532297
2021/09/24;114.06400901660203;138.41151883805415;164.77901232964985
2021/09/27;112.86066196370295;136.01640548526515;163.45464612217103
2021/09/28;110.17444980660991;131.09213502808072;157.38097342748188
2021/09/29;110.8887159001954;131.31406843274755;155.6702107243747
2021/09/30;109.85613635843849;130.3523570125247;154.8851988888144
2021/10/01;110.74893872323936;133.67217101077838;158.2070704600457
2021/10/04;108.02389486665263;130.90256053168355;154.86609694007768
2021/10/05;109.55334832954111;133.514984587958;157.6045764996586
2021/10/06;110.24433234465172;135.52626791615702;159.39124899532464
2021/10/07;111.24582474524335;136.3308366615202;161.31462314647513
2021/10/08;110.94306091809077;136.3308366615202;161.96403604612425
2021/10/11;110.87319048092135;136.04415627500697;160.95426506141527
2021/10/12;109.86389301763933;135.41996037163892;158.09816800928704
2021/10/13;109.39808203592823;137.00589686053698;159.4109378754471
2021/10/14;111.6107386529817;139.98355805810095;163.54618963255072
2021/10/15;112.44922020163199;140.65864742242485;163.79762748105233
2021/10/18;113.77680691134067;142.08274562201396;165.43134210042822
2021/10/19;115.49257750639018;142.517396194292;165.9631730791292
2021/10/20;115.88073718998623;142.13824720149765;164.26224592318349
2021/10/21;116.05155310461797;143.68717291563752;164.3978270732951
2021/10/22;115.43819618587763;142.9473803174279;159.39297421788282
2021/10/25;115.39940078900108;142.4711254345175;159.25452955404066
2021/10/26;115.92732554868077;143.38663900823374;161.41137789612844
2021/10/27;115.56243584268722;149.4252429378943;169.4165706381705
2021/10/28;118.45052685383249;149.97088208648609;168.98958694792657
2021/10/29;116.29997191387518;153.33230039537222;171.53519729698533
2021/11/01;115.64783169913069;152.29198847241236;166.26441116642297
2021/11/02;116.47077572763453;154.03048868294943;168.50702263403068
2021/11/03;117.61205740605459;154.43275118165064;169.8574450378775
2021/11/04;117.20056724049405;155.5609235923638;171.79179302736185
2021/11/05;117.62041910887481;155.38526094747144;172.46904070333588
2021/11/08;116.96733502608403;155.81523048795384;172.67644091210562
2021/11/09;117.25498486362378;155.33436748651562;172.54608878706716
2021/11/10;115.00799807160497;152.95315140257784;169.04113019507642
2021/11/11;114.96915427123888;153.70684126963874;168.8940060610448
2021/11/12;116.61742620010705;155.69040297340305;172.26742087942597
2021/11/15;116.62521916192503;155.38986906599928;172.00556055237712
2021/11/16;117.40271231373885;156.9804282560787;171.3381839951637
2021/11/17;119.33870668538107;157.08693995774675;171.5363355881577
2021/11/18;122.74415839461115;158.08290603120324;173.61206289841303
2021/11/19;124.82785601462368;158.93520380169778;172.5553551886424
2021/11/22;125.19331446161948;157.4158225436887;169.5144636789962
2021/11/23;125.49650181930565;156.4199293835001;168.91195193280953
2021/11/24;125.90859702848559;156.52645566782172;169.30355966771145
2021/11/26;121.9199921779961;152.71418545854243;164.74192893754926
2021/11/29;124.58683083839563;155.93356872166635;168.62053160687762
2021/11/30;128.52099386401065;153.13571164260833;164.41116642297158
2021/12/01;128.1089228565755;152.89947265479032;163.43091986554649
2021/12/02;127.32363674294372;152.62616456159986;165.64916478774515
2021/12/03;125.83081262077427;149.62450031626128;164.53162964344986
2021/12/06;128.53654348502948;151.09753790122804;165.86814355203404
2021/12/07;133.0926792505252;155.14145356245112;170.63546705420737
2021/12/08;136.1249642570482;155.16462539897228;171.69793736303822
2021/12/09;135.72063780794147;154.29838661166576;171.06300210423794
2021/12/10;139.52265930707745;158.67121402413792;171.48360069243677
2021/12/13;136.6381259524143;157.21669640920385;168.96353075155852
2021/12/14;135.54182321666116;152.09347480937737;166.73948765870045
2021/12/15;139.40600689725525;155.0163781427897;169.67549630829052
2021/12/16;133.93240718903147;150.49999908858416;167.362826576182
2021/12/17;133.06159210935994;149.99043742492213;164.21127182161982
2021/12/20;131.98087529724282;148.18854641932055;164.07453459453626
2021/12/21;134.4999744066549;151.6070849822365;166.23602503031145
2021/12/22;136.56036574644776;154.34471570205451;169.64538494962082
2021/12/23;137.05797782079503;155.03491269547592;170.22644702152775
2021/12/27;140.20683053103346;158.62947846962342;171.37352437890655
2021/12/28;139.39822603630964;158.0736460461869;169.96054931797684
2021/12/29;139.46822958307536;158.39786218298678;169.92346592587626
2021/12/30;138.55075353947493;157.1796273038314;169.3968461864489
2021/12/31;138.06092232607327;155.7899587493187;167.83441705174405
2022/01/03;141.5130349992322;155.06269265052487;167.9960543982237
2022/01/04;139.7170114185042;152.40382284263313;167.31012725206017
2022/01/05;136.00055518802517;146.55337889197352;159.63454094762383
2022/01/06;133.7302621157867;145.39534120675103;159.602704366396
2022/01/07;133.86242784401057;145.46945025218875;158.75627816492525
2022/01/10;133.87796536415698;145.5759327885497;160.67097284588624
2022/01/11;136.1249642570482;145.9048445397988;161.90669462831502
2022/01/12;136.47483678040803;147.4288339163357;163.87005125689578
2022/01/13;133.87796536415698;141.1892810204941;160.57540974480403
2022/01/14;134.5621849916026;143.69064358718694;161.6106499944953
2022/01/18;132.01977960197084;140.19334411234476;157.5756212179609
2022/01/19;129.24405729182234;140.5083585947426;156.55425389193312
2022/01/20;127.90675358158596;139.70696886785748;154.45823298437003
2022/01/21;126.27398287024707;137.12684538923835;151.0332571330394
2022/01/24;125.65977889043955;137.28435263043727;151.55754693272326
2022/01/25;124.22917745409019;133.6341831982311;147.0746717230509
2022/01/26;124.15921020994168;137.44185987163618;149.73727706167207
2022/01/27;123.79377596469064;138.89171103742822;149.47308679487975
2022/01/28;132.4318143067888;142.79198756099652;154.5086379403475
2022/01/31;135.89170784089336;144.05197257731996;156.7709205022781
2022/02/01;135.75955421354192;143.02364759559384;159.4827569341052
2022/02/02;136.71586195663602;145.2007648601797;171.4818754698786
2022/02/03;134.42998296076158;139.5448680907843;165.7928206908609
2022/02/04;134.20422908548747;141.71736265418878;166.02805567595553
2022/02/07;133.6359842190103;139.40589540227163;161.2868239417494
2022/02/08;136.10377562949645;141.07808828703037;161.5162251845855
2022/02/09;137.23256920761187;144.15846969633446;164.05715786835768
2022/02/10;133.99402483123214;140.0683270232976;160.61359585647784
2022/02/11;131.2849057227083;136.66827926510717;155.5879158297707
2022/02/14;131.47174319238198;136.6497301297674;157.02872566702527
2022/02/15;134.51562083465282;139.18352451799774;158.2829802526046
2022/02/16;134.32878336497913;139.02105917458536;159.59169495646304
2022/02/17;131.47174319238198;134.95025310018102;153.56780471476645
2022/02/18;130.24171371586692;133.650530352882;151.09289291899296
2022/02/22;127.92180706683686;133.5530598964267;150.40986485815915
2022/02/23;124.61322284107428;130.09494401172446;147.83127074380036
2022/02/24;126.69178969119422;136.74197999624496;153.7439019162954
2022/02/25;128.3344105126571;138.0045315595966;155.7930038845965
2022/02/28;128.54462686778479;138.69154953453992;156.48531613280514
2022/03/01;127.0499029086504;136.90909720614584;155.3318714591808
2022/03/02;129.66563958495462;139.34135257757515;155.92282243564784
2022/03/03;129.4087259632809;137.35933663508914;155.1441779163331
2022/03/04;127.0265361240688;134.54640109224073;152.83492305774178
2022/03/07;124.01376982470798;129.463690104029;146.42987423838983
2022/03/08;122.5657673338644;128.04329589844642;147.27106252188764
2022/03/09;126.85528457803107;133.91513260189174;154.58858510940846
2022/03/10;123.40656014914084;132.56435598444762;153.44093860644347
2022/03/11;120.45606493908964;130.00212542175768;150.47593910355656
2022/03/14;117.25647327092751;128.3171872977796;145.93455750620322
2022/03/15;120.73634534534499;133.28851597803123;149.69672543865562
2022/03/16;124.2395479017269;136.6491614062782;154.4269477629288
2022/03/17;125.04138800878573;137.0344059482644;155.07408408023315
2022/03/18;127.6571488868347;139.4527640508424;157.72335006917785
2022/03/21;128.74702605934968;138.86327486296864;157.69551529285297
2022/03/22;131.42503382496352;141.13773134012763;162.05961693300605
2022/03/23;132.50711803566054;139.01643647340399;160.2144469425588
2022/03/24;135.51211557494815;141.15632422342813;164.03400075731935
2022/03/25;136.01812565473284;140.96135414521044;164.15099574688173
2022/03/28;136.7031923432456;144.21989183316714;163.89904211019262
2022/03/29;139.3189411204222;146.40613783888722;165.11559080068645
2022/03/30;138.3925346329993;145.6866588770992;164.45863672202023
2022/03/31;135.93249988171397;143.11047271494374;161.13215862870064
2022/04/01;135.69891674200468;143.62572161349772;162.38694678826698
2022/04/04;138.91415483816473;146.2018931929996;165.6555498897903
2022/04/05;136.28280803647976;144.30342127281045;162.89734587848776
2022/04/06;133.76828305683043;139.02105917458536;158.21288641650466
2022/04/07;134.00963495661293;139.88909162828088;157.44873732383832
2022/04/08;132.41371140169608;137.8467180826727;154.43507587333167
2022/04/11;129.03505102393348;132.41119437401224;149.26278750078035
2022/04/12;130.52195781950508;130.9258344467797;147.9778435180454
2022/04/13;132.6550512006062;133.50664331011652;150.50315137689657
2022/04/14;128.6769378064773;129.89069936583687;146.83714236981194
2022/04/18;128.5056741595672;130.21099276882666;147.93382366411305
2022/04/19;130.31957072881255;132.42977267465918;150.63642037306425
2022/04/20;130.18722348750288;132.9217914060777;148.35498250499825
2022/04/21;129.55664702735413;130.3456489918829;144.61772358484174
2022/04/22;125.95220857257263;127.19847902923276;138.61701713288286
2022/04/25;126.80079434966704;130.30384052410056;142.6010718078536
2022/04/26;122.06755021589773;125.42996771765067;137.47515990767747
2022/04/27;121.88850570804202;131.46428434716196;132.42861713807633
2022/04/28;127.39244230334296;134.43969981607628;137.32743105646048
2022/04/29;122.72925011982889;128.81845143156087;132.2142537887755
2022/05/02;122.97062622135617;132.04451355001942;135.08020417386473
2022/05/03;124.15391002783565;130.79585925551908;135.95035663196003
2022/05/04;129.24524317731638;134.60210682887438;141.6590913982004
2022/05/05;122.04418343131611;128.73954469309894;134.99040367184273
2022/05/06;122.62114092591277;127.52340971605751;134.11098481217218
2022/05/09;118.55143602867761;122.81201683567356;130.3621295506969
2022/05/10;120.4615466342815;125.09574788050244;132.54505187495232
2022/05/11;114.21666152177909;120.94137590982088;131.62681550772322
2022/05/12;111.14486716690865;118.52766967373137;130.7479746865386
2022/05/13;114.69221370576268;121.20596357617706;134.46322367972897
2022/05/16;113.46821046369695;121.38234077109426;132.60298911704712
2022/05/17;116.35286482708398;123.85177461779777;134.95275113415596
2022/05/18;109.78831096870267;118.21283747450315;129.65362333198104
2022/05/19;107.08297943323628;117.77550369396843;127.89766691217
2022/05/20;107.2701194247197;117.50565168967384;126.18747335464901
2022/05/23;111.57369788260145;121.26958769369864;129.17683051004516
2022/05/24;109.4296774137338;120.7903871147673;122.7833424604128
2022/05/25;109.55442530718366;122.13959609695277;122.59216290084969
2022/05/26;112.09604414011018;123.71220404048873;124.89500597869652
2022/05/27;116.66469220765532;127.1271552706267;130.13677457726266
2022/05/31;116.04101324476785;126.48980581373941;131.8116277510408
2022/06/01;115.93964423677197;126.74567305326133;131.96224679468767
2022/06/02;117.88874385321063;127.75065120662343;136.28463184195255
2022/06/03;113.34346257024708;125.6290646868284;132.71421261464948
2022/06/06;113.93596968586257;125.03819014686555;135.35539495769024
2022/06/07;115.93964423677197;126.78290256782302;135.73658910694476
2022/06/08;115.3549058812297;125.8104874798805;135.78814124699443
2022/06/09;111.2072350631974;123.1957739469957;133.0554420722733
2022/06/10;106.91146166800603;117.70571111398714;128.79852655322054
2022/06/13;102.8183657844445;112.7134854911711;123.27286991483982
2022/06/14;103.50444894623787;113.75101212729928;123.64711870936279
2022/06/15;105.58605311532725;117.13343674865155;127.17988539897907
2022/06/16;101.39945379082214;113.9743454667087;122.85691342032842
2022/06/17;102.56889419928952;115.2212279688004;124.14303126583492
2022/06/21;105.92912494840489;118.05465943124005;129.2417042139717
2022/06/22;105.52372152165566;117.77084453615313;129.17625247155917
2022/06/23;107.8002707449188;120.43677234837232;130.05046009195613
2022/06/24;110.44322228322407;124.54964208699646;136.6930649432464
2022/06/27;110.44322228322407;123.24230719453442;134.21178583122736
2022/06/28;107.1531644930878;119.32946771491642;129.77875532484606
2022/06/29;108.54870970212855;121.08815031799298;129.42420430334536
2022/06/30;106.59181712387192;119.49231220732159;126.2511998745034
2022/07/01;108.31481193973718;120.77173590085253;125.9899353717401
2022/07/05;110.36526846329933;122.29317331301483;131.23344697866398
2022/07/06;111.42554690195281;123.85642648428627;132.7501399297781
2022/07/07;114.0997186910196;124.87534565446038;137.62925607514003
2022/07/08;114.63763877129193;124.53104920369597;138.2902742090077
2022/07/11;112.94586420618822;123.06549252001014;134.02988156613924
2022/07/12;113.71769414972435;118.02208178316688;132.1111406157764
2022/07/13;113.42922145286221;117.58009613614367;129.02099133422487
2022/07/14;115.75254054790571;118.21283747450315;127.87856496343328
2022/07/15;117.07790069709496;119.44112709329436;129.5122529041098
2022/07/18;114.6610539593631;118.29192649613469;126.32882599672067
2022/07/19;117.72500694892597;120.74848385973675;131.86724394629186
2022/07/20;119.31544880865097;122.02331401739346;131.97151319626292
2022/07/21;121.11642164618574;123.21903327943828;132.48132535509794
2022/07/22;120.13410912832938;121.13466169155136;125.01955104017581
2022/07/25;119.24527584967184;120.42283133156033;124.56767612343558
2022/07/26;118.19279037283634;117.19857017081756;121.6825971109103
2022/07/27;122.23910428374514;125.03350911506989;130.99824756516853
2022/07/28;122.67569165863874;128.60204485259672;132.34229375987002
2022/07/29;126.69861458322116;130.6166384431559;134.77548006985552
2022/08/01;125.91897957699464;129.34647473464128;133.08382820838483
2022/08/02;124.74953916852726;127.86229600234779;133.39667152989713
2022/08/03;129.52091315119182;131.4215280068976;136.81472870519556
2022/08/04;129.27142946516443;131.9705065831567;136.94217285200455
2022/08/05;129.09184041805128;131.6262392976994;136.10793881613805
2022/08/08;128.7170885010613;130.42123088533114;135.91096108591557
2022/08/09;128.756138016258;131.3424025286321;135.13465539924408
2022/08/10;132.1288689665504;134.53412249793564;138.69174416977043
2022/08/11;131.54331985255814;133.538433494897;137.69528585603854
2022/08/12;134.3617098387474;135.81356077412016;140.9859077774278
2022/08/15;135.2126794877023;136.53938319021066;141.44937903548674
2022/08/16;135.08778638378377;136.1857538411621;141.00907378136594
2022/08/17;136.2744705354043;135.8267580756001;138.51795022928565
2022/08/18;135.96215911993744;135.29058306917463;139.23632756676213
2022/08/19;133.9089072948536;133.41628918860295;135.80668294304473
2022/08/22;130.82504837021216;129.49981133691946;132.36546865670792
2022/08/23;130.55959153263237;128.88901689218133;131.92517229548687
2022/08/24;130.7938160185782;128.5859601857101;131.72820345816416
2022/08/25;132.74561412955944;130.0126686802881;135.15783029608198
2022/08/26;127.74121364731548;124.99587128620828;127.84669281060633
2022/08/29;125.99239556977382;123.66240427855055;126.78072759216023
2022/08/30;124.06402474773614;122.60869089696081;126.22457453254916
2022/08/31;122.7446182277619;121.9093141231177;125.39032271088311
2022/09/01;123.3223622790638;121.41043425319498;127.15148147706796
2022/09/02;121.64377766486318;119.38693795263188;124.96161379808102
2022/09/06;120.64446342130144;118.07676673405068;123.756616984407
2022/09/07;121.7609141095809;120.33339591722157;126.81548104451733
2022/09/08;120.58982798246873;120.53388552981514;125.57569520688709
2022/09/09;122.86171836986244;123.30339393033502;128.2058681399949
2022/09/12;127.59284485096384;124.32448591589089;128.44919566389322
2022/09/13;120.10576888519624;117.48930453502298;120.87155575768129
2022/09/14;121.25343982423725;117.5965453693695;121.65943110697215
2022/09/15;118.9581221479;114.40742111240128;119.2378322454056
2022/09/16;117.65431365243415;114.10901627241856;119.11039699149643
2022/09/19;120.60545020872189;114.00645646986769;119.42321363430936
2022/09/20;122.49477151556287;113.04131812605611;117.1869961616466
2022/09/21;120.01209603203924;111.40945356974245;115.03189082791651
2022/09/22;119.24699417355096;112.35594069963926;116.02834914164842
2022/09/23;117.4435285563042;110.92922491373449;114.4062130777917
2022/09/26;117.70897329301162;110.71008408722614;113.74577298241002
2022/09/27;118.48189231506268;110.22521085605645;112.96947618863832
2022/09/28;116.98292094972003;112.3979022852841;115.9240621058778
2022/09/29;111.23682169618654;110.733401750283;112.87677660128665
2022/09/30;107.89534729927284;108.58866526794715;110.82594941042743
2022/10/03;111.213394407243;112.24404070747744;114.2903563794017
2022/10/04;114.06300464419381;116.03928566871492;117.76633301099535
2022/10/05;114.2972170292673;116.18846621472593;117.52300548709702
2022/10/06;113.539908132597;115.06482171794596;117.51143582447763
2022/10/07;109.37091557741671;109.21344447745795;114.33670617307752
2022/10/10;109.62851894881658;106.88686959644329;113.38659765302145
2022/10/11;108.5042873995915;105.09648430450768;112.59869562503124
2022/10/12;108.00464237868302;105.25502691410999;113.03899198625228
2022/10/13;111.63497670037526;109.21344447745795;114.77699364139879
2022/10/14;108.03583842769977;106.5651616760573;111.88032718045456
2022/10/17;111.18216205560907;110.74739380638246;115.83136251852612
2022/10/18;112.22833087705793;111.19964564151827;116.7582961417443
2022/10/19;112.31421076839692;110.25783225209034;115.43741595098092
2022/10/20;111.94726391409735;110.10397067428369;115.83136251852612
2022/10/21;114.97643899641656;112.88744925692266;117.17540871322765
2022/10/24;116.67841459694355;115.27930338663901;118.7859484357656
2022/10/25;118.93470695982886;116.86919177465424;121.05693714658506
2022/10/26;116.60033976829492;107.85200794025486;109.99171537456094
2022/10/27;113.04809237612368;105.72127080534528;106.8517391755179
2022/10/28;121.5891543269029;109.97342675953385;111.56749275184204
2022/10/31;119.7154310445703;108.22966950238518;109.50508700546362
2022/11/01;117.61527623810983;106.38333056870526;104.8240868814966
2022/11/02;113.2276209188749;102.62072887748201;100.76877340055417
2022/11/03;108.42623677268766;99.89318206260698;96.6671101259359
2022/11/04;108.21507654951368;103.22218313260917;100.31688959091416
2022/11/07;108.63737279411684;106.24344646434449;102.52993216673903
2022/11/08;109.09094979384348;106.70970493823336;103.00499976611674
2022/11/09;105.47021146395508;104.67686115673254;101.17429852361856
2022/11/10;114.85440169838164;113.28842848210982;108.84464691008193
2022/11/11;117.06746974509635;115.2140314292641;111.70654213286953
2022/11/14;115.95700898864902;112.62170226960775;110.88387775962244
2022/11/15;117.3333622140821;112.81751814173246;114.0586251968221
2022/11/16;116.35582954081909;113.02324292695731;114.53365722460067
2022/11/17;117.86514715205362;112.99987422461297;113.96591671657066
2022/11/18;118.31088278647273;112.78479466712359;112.88836404970561
2022/11/21;115.74587296721984;113.17286824390219;110.76801216833263
2022/11/22;117.44285090745048;114.56618246180712;112.44808547428413
2022/11/23;118.13884468372979;115.75847480026323;114.08180009366002
2022/11/25;115.82406880459233;115.71638926206305;112.9231263949625
2022/11/28;112.78205469666925;113.03727143969071;111.2894117755866
2022/11/29;110.39691224459445;112.36866406487822;110.29297124765426
2022/11/30;115.76150729434538;119.29320794681706;117.01320222116178
2022/12/01;115.9804846810821;119.08282400377689;117.01320222116178
2022/12/02;115.58946919160242;119.23713035251741;116.3759459155178
2022/12/05;114.666692965896;116.98348332200139;115.2636220104961
2022/12/06;111.75761904202959;114.60828987398763;112.36697333535145
2022/12/07;110.21705697828874;114.25760622096001;110.0033028229799
2022/12/08;111.55430018416317;115.67430372386286;108.57815338224546
2022/12/09;111.1710776565015;114.74854583601442;107.55852017167564
2022/12/12;112.99319071809843;118.0635329759368;108.11469101708629
2022/12/13;113.75957526905987;120.12548373396137;110.80278340648928
2022/12/14;111.9922065541471;120.26576156996849;110.15393075952656
2022/12/15;106.74490526045494;116.42706759242212;105.27596179823682
2022/12/16;105.18867256697138;114.4072242465781;104.58076825049804
2022/12/19;103.5151703191738;112.42477082448501;102.47201271044379
2022/12/20;103.46046227510679;113.05598827554653;103.14402246844487
2022/12/21;105.92378846368172;114.28565595510001;103.7928840083074
2022/12/22;103.40570582755022;111.36808258156717;101.68410178955381
2022/12/23;103.11636186787614;111.62055935413426;103.3873499923432
2022/12/27;101.68525219488649;110.79299376409277;101.25541066255126
2022/12/28;98.5650301487185;109.65681547657023;99.66803694395144
2022/12/29;101.35679216521756;112.68660236931665;102.48357348016341
2022/12/30;101.6070321557692;112.1302158050445;102.22869407944526
2023/01/03;97.80648091262843;112.01798770317737;103.25988805973468
2023/01/04;98.81528224014254;107.11796819887822;102.05489124606066
2023/01/05;97.767376943506;103.94322972965584;99.87659322969311
2023/01/06;101.36463958096131;105.168238251394;101.19747342045649
2023/01/09;101.77910656112931;106.19219572837619;101.98535766264713
2023/01/10;102.23268356085595;107.0010809391958;102.44883781360589
2023/01/11;104.39105566437601;110.23659261716708;106.04068003648935
2023/01/12;104.32850625500146;111.51770789851203;105.58879622684934
2023/01/13;105.38418636214742;111.85434116482591;106.73587358422812
2023/01/17;106.30697468872623;112.37801154581597;105.77418650865289
2023/01/18;105.73611603381323;110.25530945302289;105.57722656422995
2023/01/19;105.78303111606225;108.44116901842335;107.81342625109316
2023/01/20;107.81624389647122;112.31723833706711;113.57196125612565
2023/01/23;110.34997296060065;113.42066398467364;115.62281512568424
2023/01/24;111.46045791879273;113.1681945034333;113.20119847831813
2023/01/25;110.93649014438398;112.49958712862083;110.32772470001137
2023/01/26;112.57872373793043;115.95484481322356;112.99264219257645
2023/01/27;114.11926159992652;116.02965382603259;115.13617786368715
2023/01/30;111.82798561496693;113.48145906740285;112.3206235416756
2023/01/31;112.83679904335344;115.86601457900791;114.52207866908151
2023/02/01;113.72827031219161;118.17575378647713;116.36434957419905
2023/02/02;117.94335509029852;123.7163163487952;124.83416965127205
2023/02/03;120.82113615816905;120.79409840010062;121.40452502755466
2023/02/06;118.65495899195861;120.05534117029441;119.22625368988645
2023/02/07;120.93845411597259;125.1003414163767;124.71829516708246
2023/02/08;118.80353350314084;124.71225325694452;115.13617786368715
2023/02/09;117.98242880724;123.25811479100324;110.08441496191259
2023/02/10;118.27223260006483;123.0150073733542;109.57459391017781
2023/02/13;120.49654235722815;126.85835321738908;109.62095259675341
2023/02/14;119.98745865585687;127.25577427510541;109.70204694988655
2023/02/15;121.65568492329317;126.23861960601315;112.3206235416756
2023/02/16;120.38689635251873;122.87781376857694;110.66374291836158
2023/02/17;119.47836285361319;120.96071250845337;109.31968783076029
2023/02/21;116.29071474649821;118.43426777762183;106.35351446510187
2023/02/22;116.62748202506164;117.89052437399403;106.19131686593579
2023/02/23;117.0112490919808;119.41858960220344;105.31071525059392
2023/02/24;114.90442670483444;116.8171244100861;103.27148440105343
2023/02/27;115.85210652591577;117.25773928767383;104.12888444085804
2023/02/28;115.45266882925391;116.91086899855449;104.34903706791845
2023/03/01;113.80794245599549;115.4343753246919;104.69663384178784
2023/03/02;114.27786773431856;117.70304248838401;106.59683309610043
2023/03/03;118.28787902806278;119.66233136528271;108.50862869173173
2023/03/06;120.48085962661305;120.40291871811183;110.22344655714053
2023/03/07;118.73431651308037;119.12797189922657;108.75195621563006
2023/03/08;119.72897192077268;118.91704110667757;109.20383113237028
2023/03/09;117.9432703841918;118.27020563364363;106.96761365970751
2023/03/10;116.30636117449615;116.52183296664036;105.00946827040036
2023/03/13;117.8492950092251;119.02016963271764;105.56562133001141
2023/03/14;119.50970411309862;122.24036223311465;108.87940036243901
2023/03/15;119.82298359835654;124.41994396615365;111.35894535900015
2023/03/16;122.0629518843902;129.46351511218617;116.2369054273901
2023/03/17;121.39724659169853;130.9775153710283;117.74316700705722
2023/03/20;123.27692350324612;127.6026664382051;117.27969574899826
2023/03/21;124.74936975631383;128.32917423901333;121.56674041252028
2023/03/22;123.61370288268192;127.63075262897901;119.77081040817876
2023/03/23;124.47523659323171;130.14784987887282;122.35462465471095
2023/03/24;125.50905042397223;131.51183838045048;122.16925215870695
2023/03/27;123.96614079098805;129.5478757630829;118.71642374525186
2023/03/28;123.4727156184871;129.00881339125075;117.05955201483762
2023/03/29;125.91635368768641;131.48375218967658;117.47666458632098
2023/03/30;127.16165446515535;133.14302484337318;116.897336629872
2023/03/31;129.15097738141236;135.13513198212897;120.18794076546169
2023/04/03;130.14564488997706;134.63360536058343;120.91789665845734
2023/04/04;129.72274360175447;134.61015645364446;121.3350092299407
2023/04/05;128.25811451224953;133.2789351746364;121.04534969816609
2023/04/06;128.96301453060656;136.6819577941549;125.6220450005629
2023/04/10;126.90319193181594;135.64607899788004;123.32790807160492
2023/04/11;125.93982938011949;132.57115150101075;122.06496512293634
2023/04/12;125.3916114574448;132.88053707913093;121.24230964258902
2023/04/13;129.66790244809118;135.8569879164487;124.4749854289837
2023/04/14;129.39378138588145;134.12268751013949;126.14345350071667
2023/04/17;129.40942781387938;135.36951897294372;122.7833424604128
2023/04/18;130.38063173088338;135.1679137873521;121.08009425762339
2023/04/19;131.28914102804416;135.20544953763874;120.70933147981589
2023/04/20;130.52158269246107;134.10860066679186;121.99544932532238
2023/04/21;129.24496485725146;133.94458956210113;122.13448981345007
2023/04/24;129.48775676084816;132.07432049391448;122.7833424604128
2023/04/25;128.2659558775571;129.09789882190387;120.32697236068961
2023/04/26;128.25811451224953;138.4490545883408;120.16475697572398
2023/04/27;131.9000293688173;142.8832749723385;124.6603579249877
2023/04/28;132.894696877382;144.0222677119999;124.37069839321309
2023/05/01;132.82420929572078;143.2254277730283;124.20848300824746
2023/05/02;132.00184610909153;143.1551102175185;122.03020277767946
2023/05/03;131.1481537638493;142.68171353470763;122.13448981345007
2023/05/04;129.8480360344618;143.1551102175185;121.30025577758359
2023/05/05;135.9413940229193;145.61125197549384;122.31987120235384
2023/05/08;135.88656497012838;144.67382067346338;124.86891421072937
2023/05/09;134.5316302888224;143.90041505877718;124.38228584163204
2023/05/10;135.93356475848412;146.38936778728285;129.4803985370824
2023/05/11;136.0823933879865;145.35815544015006;135.0651396016301
2023/05/12;135.34515983860825;144.82378868276712;136.15429750271366
2023/05/15;134.9529826653793;145.05349464178622;134.99562380401613
2023/05/16;134.9529826653793;146.1221698259378;138.4716004356098
2023/05/17;135.43925622229884;147.50327836280547;140.0126332534336
2023/05/18;137.29019356192447;149.6265710530681;142.3183754166101
2023/05/19;137.37646068117988;149.54199166236782;142.2372632776774
2023/05/22;136.6235323003141;150.87611488943617;144.89059332182356
2023/05/23;134.55301253033235;148.09517368851817;142.00552320219805
2023/05/24;134.77261916243327;147.43280039810645;140.08215794394735
2023/05/25;135.67455768588727;153.10275484554236;143.0715062064437
2023/05/26;137.5882017462285;156.37693972077864;144.3807900558883
2023/05/30;139.05483958054987;155.58775567493078;143.29163215480477
2023/05/31;139.0156448548845;154.2630674247216;142.36471631738615
2023/06/01;141.24300403188968;156.23131734223847;143.34957828979933
2023/06/02;141.91749455793516;157.5560347577548;144.4502969606025
2023/06/05;140.84300969509795;157.80970001658775;146.00290833394547
2023/06/06;140.55284287610147;156.74805367145646;147.5091699136126
2023/06/07;139.46265108090438;151.90957296521853;141.93600740458407
2023/06/08;141.61945007101397;152.79271304801156;141.51889483310072
2023/06/09;141.9253601249875;153.51144829446753;141.62317297597156
2023/06/12;144.14487793668508;155.88839166090955;143.25688759534745
2023/06/13;143.7684197966884;157.03461739674114;143.47702243660828
2023/06/14;144.27037608422305;158.4673631098967;143.29163215480477
2023/06/15;145.88601196026025;163.52194415937382;144.9369431154994
2023/06/16;145.03112162865156;160.8114225925406;143.12942566273892
2023/06/20;145.10170601729192;158.80088297967362;142.63120095232284
2023/06/21;144.2782174495306;156.69169171541222;139.6766150350834
2023/06/22;146.66246443704867;159.5806903792766;142.68912930151785
2023/06/23;146.41145604110037;157.37755766072362;141.75061712278054
2023/06/26;145.30561781790533;154.36168991080885;137.11597568538915
2023/06/27;147.4938185718623;157.16615293193362;137.10439712986994
2023/06/28;148.42712255654646;157.7674249038912;139.24790612228128
2023/06/29;148.6937894813651;157.39161533876415;137.99655062203166
2023/06/30;152.12897303405296;159.97057220509774;138.69174416977043
2023/07/03;150.94468485516526;158.77270929297828;138.9234931381496
2023/07/05;150.05845326407118;158.8478537068194;141.0670110234607
2023/07/06;150.43491140406786;160.31349788642666;139.16681176914815
2023/07/07;149.54865561122898;158.4109865711989;138.43686476905228
2023/07/10;147.92516626901184;155.87901501466467;134.92610800640216
2023/07/11;147.5095013024774;156.17963641798988;135.725570804112
2023/07/12;148.83494615777335;158.40160992495402;137.7995906776087
2023/07/13;149.43884019430612;160.9664507826328;144.2996779169556
2023/07/14;149.55649697653652;162.17842970340706;145.31929334172585
2023/07/17;152.14465576466804;162.4086314726475;144.42713984956416
2023/07/18;151.9407318631822;168.8724655803805;143.39592808347516
2023/07/19;153.0152288268918;166.8008392317129;141.3914240075924
2023/07/20;151.47014103687778;162.94412109435524;138.11242510622122
2023/07/21;150.53686125393838;161.48789730895356;139.06252473337753
2023/07/24;151.17214495344612;162.1173721329136;140.81211383694298
2023/07/25;151.8544768447992;164.8748644268926;141.59998918623387
2023/07/26;152.54465010145978;158.6693474444811;149.78014083863246
2023/07/27;151.54076172813527;155.3575684883439;149.93075098937956
2023/07/28;153.5877695030668;158.95117180735585;153.61531058541428
2023/07/31;154.07400675736915;157.80032337034288;153.7775170774801
2023/08/01;153.41521106281115;157.99759750782448;152.42188343435964
2023/08/02;151.0388296423454;153.84495358159086;148.74893796544328
2023/08/03;149.9329430156608;153.45037614132048;148.83002342567661
2023/08/04;142.7331659621337;153.9765036994369;148.43609464393097
2023/08/07;140.27048111979536;155.07103392836638;152.39872632332128
2023/08/08;141.0155560344812;153.1638124160358;152.24808060097504
2023/08/09;139.75286630339042;151.369373146408;150.23202464827247
2023/08/10;139.58028366138998;151.69818281908215;150.26679588642912
2023/08/11;139.6274286602144;150.79624569583865;150.1161323782833
2023/08/14;140.93896961313632;152.21960018009577;152.1669951407417
2023/08/15;139.36041081009654;151.19554791586538;150.3710562435004
2023/08/16;138.66931788713444;150.82835669899762;149.11970074325077
2023/08/17;136.65095287714578;149.17132977395065;150.53326273556624
2023/08/18;137.0357848208351;148.98303855106752;147.68295496119762
2023/08/21;138.09599065425425;151.5251013038715;148.73733273122474
2023/08/22;139.18763455413793;151.79810316133702;149.56000599737163
2023/08/23;142.24263289813354;153.93532228575805;153.3720008473155
2023/08/24;138.52008992884325;150.62594946745972;150.3710562435004
2023/08/25;140.27141288696927;152.04290216680002;150.48693072768998
2023/08/28;141.5122968460165;152.38184678370462;151.7962145771346
2023/08/29;144.5986848529871;154.59908092825881;155.92107942729015
2023/08/30;147.37097051537737;154.77796633958988;157.4389017766769
2023/08/31;147.543746771336;154.29310769107377;157.77489331632773
2023/09/01;148.7924720956908;154.7167775252143;157.18399569725935
2023/09/05;148.9809552840093;157.01872230435092;157.31144873696812
2023/09/06;143.64842754608708;156.70334325561385;155.79359081598224
2023/09/07;139.44679893807583;155.30521676203114;156.72051554630062
2023/09/08;139.93370174035957;157.35765233860192;158.01822084022606
2023/09/11;140.86042285046457;159.08533222019076;158.64390748325064
2023/09/12;138.4572743002761;156.18078844762184;156.81321513365228
2023/09/13;136.81588776779685;158.20031097508735;158.40057995935234
2023/09/14;138.01746809332724;159.44311762550652;160.0111196818903
2023/09/15;137.44415296131945;155.4511307936427;159.20005164996195
2023/09/18;139.7687910514533;154.90506874809742;160.13859050739862
2023/09/19;140.63268443211877;154.7120381628044;159.94161277717615
2023/09/20;137.82113143882881;151.00253191322594;154.95936567301553
2023/09/21;136.59596651301382;150.41881745616544;151.13577448175292
2023/09/22;137.27137670536084;149.23251858832623;150.9156396404921
2023/09/25;138.28447384257274;149.48201320823847;151.9120890613242
2023/09/26;135.04884577643855;146.9399942033952;148.96909059250368
2023/09/27;133.84725335003574;147.24596744058024;151.25166675174205
2023/09/28;134.05144347071413;147.64611545451396;153.30247615680176
2023/09/29;134.4598237120709;148.63938373706017;151.62241174375
2023/10/02;136.45461622264733;151.4874051443956;155.45758149053182
2023/10/03;135.3943861874834;147.52841885755845;153.44150775202968
2023/10/04;136.38393502702792;150.1504966304956;156.69737622106183
2023/10/05;137.36565460213723;150.33877327072514;156.5003807050398
2023/10/06;139.39183677568866;154.05771449716278;159.40860793570363
2023/10/09;140.56986880355166;155.26283957075958;160.38188245969783
2023/10/10;140.09864873188303;154.58968969936038;159.96476988821448
2023/10/11;141.2059874632542;156.486790850114;162.84984000784
2023/10/12;141.92066498650087;155.89365599884798;161.0191476582416
2023/10/13;140.45992027703252;154.27896251711184;159.15370185628612
2023/10/16;140.35781311582096;156.59035685576114;161.16979338058783
2023/10/17;139.12479472382603;156.31732583298853;161.88814403936496
2023/10/18;138.09599065425425;155.39934779081912;159.84891318982446
2023/10/19;137.797571040289;155.96896082187834;159.60558566592613
2023/10/20;135.77138886673757;153.77995869463376;157.1144887925452
2023/10/23;135.86559415827966;155.02749012480928;158.15727022125355
2023/10/24;136.21115877106928;155.59707399056137;160.83376626933784
2023/10/25;134.37343558409157;160.37050147922793;145.53944596878628
2023/10/26;131.06712632233794;154.35429650544935;141.68110132516657
2023/10/27;132.11163732426962;155.2581147910032;141.55363939255804
2023/10/30;133.73730482351664;158.7887502119042;144.20698722250373
2023/10/31;134.114283301026;159.16534724032397;143.76669086128268
2023/11/01;136.62740457947834;162.9125059014176;146.5127204927805
2023/11/02;139.45466450512816;163.97173152605646;147.71772619935427
2023/11/03;138.73213351570155;166.08070405051433;149.58318089420953
2023/11/06;140.75831568925298;167.83657220145207;150.9156396404921
2023/11/07;142.79238763160154;169.71958650885804;151.74988256925835
2023/11/08;143.6327206137272;170.9764800026249;152.75791054560963
2023/11/09;143.2557542370902;169.79489133188844;150.90404329917334
2023/11/10;146.5821630478806;174.02222760970255;153.62688914093343
2023/11/13;145.32395063957347;172.6146661392607;153.04757007738422
2023/11/14;147.40000050823664;174.3046790266808;154.82031629198804
2023/11/15;147.8482410232401;174.37543406179762;155.9789899906856
2023/11/16;149.1850849003257;177.44153905325769;158.65550382456942
2023/11/17;149.16937796796586;174.46034885353;156.7784616812952
2023/11/20;150.55340314649303;178.0406090445263;157.8675929036794
2023/11/21;149.91642532485093;175.9792488839713;158.70185361824525
2023/11/22;150.44330940950525;178.233989613505;160.46300349153032
2023/11/24;149.38955334106902;178.0358550994628;158.3774050625144
2023/11/27;149.24798523499953;178.59247498619203;158.05299207838272
2023/11/28;149.72767591733992;180.5217600533725;158.9683026815828
2023/11/29;148.917728225781;178.70570929115544;156.40766333188853
2023/11/30;149.37382220696435;178.73398505642575;153.55736445041967
2023/12/01;150.38826254101136;176.6584797219088;152.781067656648
2023/12/04;148.96488532547778;174.12544363166404;149.78014083863246
2023/12/05;152.10258103137429;175.71979431167142;151.77305746609625
2023/12/06;151.2375622695767;173.96503444240489;150.6491550055554
2023/12/07;152.7710090203533;174.97922883282263;158.65550382456942
2023/12/08;153.90338445669565;176.5264192111878;156.40766333188853
2023/12/11;151.91384372473564;175.144333636531;154.4379571728618
2023/12/12;153.1170213654213;176.5971596636511;153.54578589490052
2023/12/13;155.67277401729723;176.59246404920188;153.60373202989507
2023/12/14;155.7907454222097;172.61125379832555;152.87376724399965
2023/12/15;155.36608950749087;174.87545867002555;153.63848548225215
2023/12/18;154.0449525627651;175.7811289525827;157.3462021893252
2023/12/19;154.87064348930107;176.0688592901529;158.33105526883858
2023/12/20;153.21137186743204;174.8235590059734;160.28918287234615
2023/12/21;153.09341256339192;176.20093438352745;162.6992298570929
2023/12/22;152.24411283482658;176.6915094322426;163.93898901602375
2023/12/26;151.81161555480017;176.72924933967923;163.97376025418043
2023/12/27;151.89025912445106;176.4509539789682;162.6412837220983
2023/12/28;152.2284180033391;177.0216898743522;162.47907723003246
2023/12/29;151.40271497593076;177.38023357765354;161.85340837280745
2024/01/02;145.98450096062777;174.94147434273245;160.09222292792322
2024/01/03;144.8914170569299;174.81413861176785;160.96121930904658
2024/01/04;143.0513099980917;173.55938876807565;158.02979939574524
2024/01/05;142.47723251112342;173.46974919658692;157.26508115749272
2024/01/08;145.92158852508155;176.74340909629473;160.8685375074945
2024/01/09;145.5913073141182;177.26227449293378;163.31332015879875
2024/01/10;146.41703454327134;180.55477518105278;164.85431740502338
2024/01/11;145.94518522623852;181.43215511568602;164.6225862224438
2024/01/12;146.20468843460333;183.24351026345386;165.28304410362503
2024/01/16;144.4038729084096;184.0925706848561;165.0976449289217
2024/01/17;143.65680134977973;183.71522994110433;163.91583190498542
2024/01/18;148.3357851717604;185.79070611031412;166.2447222863005
2024/01/19;150.63990018232386;188.05488181670697;169.60485111240394
2024/01/22;152.47216587585447;187.03603555980072;169.1529850885635
2024/01/23;153.48661831077388;188.16336217660688;170.36956935065646
2024/01/24;152.95188075993963;189.88984628060305;172.29292571600737
2024/01/25;152.69235334983006;190.9794767379333;175.96587118492374
2024/01/26;151.3161816374828;190.53606199086033;176.33665174853087
2024/01/29;150.7735906204686;193.2672471778008;177.86610601083547
2024/01/30;147.87182562352467;192.73423660719982;175.49084805004497
2024/01/31;145.00938846184238;187.54075578247785;162.3284492934858
2024/02/01;146.9438823253085;190.46532153839703;163.55664768269708
2024/02/02;146.1496536669818;193.97478294631577;164.97019188921297
2024/02/05;147.5887136131305;191.34742625278665;166.4764534688801
2024/02/06;148.86268135728707;191.27191727260632;166.96307294507764
2024/02/07;148.9491904939903;195.30972280198398;168.6315588026102
2024/02/08;148.09202519837262;195.33804231521498;169.06026771541227
2024/02/09;148.69829100589348;198.37581321079043;172.64051359697697
2024/02/12;147.35974090580112;195.88048786267515;170.93729207288692
2024/02/13;145.69835163126413;191.66344693828074;168.16811422325054
2024/02/14;144.9975780103915;193.51593975176678;169.09503895356892
2024/02/15;144.76923454842628;192.1313022127354;165.42207569885298
2024/02/16;143.54878896284268;190.94985936853465;162.81510434128245
2024/02/20;142.9582421885541;190.34968109559475;163.51028010322167
2024/02/21;143.55665452989504;190.06139661718896;165.16716961943547
2024/02/22;145.1708019986285;194.53672550159772;166.95149438955846
2024/02/23;143.71414738402734;193.91764810963238;166.80088423881136
2024/02/26;142.6432927829066;192.59443270743367;159.39704716598402
2024/02/27;143.80075332770966;192.56608402889552;160.9149050869699
2024/02/28;142.84800324109764;192.6795079083553;158.01822084022606
2024/02/29;142.320453608462;195.47717541291695;160.42823225337366
2024/03/01;141.4621992343294;196.35614485678923;158.8987957768686
2024/03/04;137.87172518628387;196.08204930030607;154.50748186337552
2024/03/05;133.95049799325182;190.28353417900573;153.71958872828512
2024/03/06;133.1631184286969;190.0188735993817;152.24808060097504
2024/03/07;133.06864691796224;193.3505578776406;155.70090901443015
2024/03/08;134.43081792095637;191.97063053571202;156.8943183796852
2024/03/11;136.02134448678808;191.16722840263435;159.51288607857447
2024/03/12;136.39929103408852;196.25218511949575;160.4745820470495
2024/03/13;134.74579152834863;196.16712450122768;161.9692294995983
2024/03/14;136.21820147879922;200.94960781776058;165.80443481797923
2024/03/15;135.918971106384;196.79092667294935;163.5797692221363
2024/03/18;136.78511524931366;197.2162443469432;171.11107712047192
2024/03/19;138.64336151586176;199.1491021642481;170.35795522353817
2024/03/20;140.68269733769915;200.95433259751695;172.33929329548278
2024/03/21;134.9347466506903;202.91079973095006;171.01839531891986
2024/03/22;135.65128770828477;202.61309485833863;174.69135857363577
2024/03/25;134.5253136334358;199.83431189014885;173.880308327507
2024/03/26;133.62769512142438;199.2625114610543;174.5754840894462
2024/03/27;136.46228817574146;199.1585517237608;174.80721527202581
2024/03/28;135.02136469524498;198.8230048651378;174.87673996253955
2024/04/01;133.87965948629136;200.64243880298287;180.16026072559305
2024/04/02;132.94265263465638;199.1632619208636;179.08267248712886
2024/04/03;133.5804412147485;198.6954066464089;179.49978505861222
2024/04/04;132.92690939967935;197.48089034391364;174.41327759738036
2024/04/05;133.52532174102026;201.09136579310496;176.6958359708192
2024/04/08;132.63558089693362;200.6518883624956;179.41871738417842
2024/04/09;133.5961965505979;201.45053655050975;181.44636967819977
2024/04/10;132.10804336517032;200.02336141101756;180.91336483672725
2024/04/11;137.82447127960796;202.23028561949846;184.70220257563278
2024/04/12;139.01344249610986;199.38066012027042;182.75565352764437
2024/04/15;135.97410268098457;195.47717541291695;179.4302959396976
2024/04/16;133.36785308863273;195.9213630406291;178.8972910982251
2024/04/17;132.28124315166255;194.6265254822757;180.13705025715598
2024/04/18;131.52536215793404;191.04910890872534;180.76273690018058
2024/04/19;129.91909235712532;188.61530777601774;178.53812466173633
2024/04/22;130.58048973924676;189.484871408338;181.07558911459267
2024/04/23;131.41512321047762;192.6086070467028;183.36974382935023
2024/04/24;133.08440225381167;193.31273047428257;184.3777718057015
2024/04/25;133.76943263970728;188.57753870327397;180.7511583446614
2024/04/26;133.30485594697979;192.0178783332756;199.2318135308316
2024/04/29;136.6118791602043;190.0944992407906;192.51157366442428
2024/04/30;134.11585641443648;183.98878593940543;188.60687922712876
2024/05/01;133.30485594697979;186.63995610621276;189.8582169415788
2024/05/02;136.24182238170098;188.01041930597506;193.0561392756164
2024/05/03;144.39128800112587;192.178550010299;193.77452550599264
2024/05/06;143.07634670306285;195.4298984500462;194.77097492682478
2024/05/07;143.6196274698032;193.44505347276782;198.42072771310367
2024/05/08;143.88735927139194;194.01217287006673;196.25404382385443
2024/05/09;145.32828275188842;194.8533586585417;196.92608026055484
2024/05/10;144.32694766263785;195.99698868203802;195.40818676796985
2024/05/13;146.8736488619674;195.51495906831425;195.975962847599
2024/05/14;147.78037933088711;196.85708817219196;197.36634994307656
2024/05/15;149.58596260080176;200.29891523285764;199.88063949909497
2024/05/16;149.68056722113266;199.30945302289294;201.81559220576463
2024/05/17;149.7042123257792;198.94016190391125;203.99390800793174
2024/05/20;150.6267102314207;201.36888827317688;204.99037521456341
2024/05/21;151.65958019411494;203.1205712025403;206.06791009562892
2024/05/22;150.5163260734956;203.8212531238778;204.36467078573926
2024/05/23;147.34673246798383;202.15477663931813;201.08564520566875
2024/05/24;149.7909392781854;203.6508110689632;202.75413106320133
2024/05/28;149.79884114785486;203.72656795425422;204.38786346837676
2024/05/29;150.03536479955451;203.18211000060154;203.80850883322842
2024/05/30;150.823821341752;196.31736958094922;199.41719491973535
2024/05/31;151.58074301050587;196.53516151200245;199.8690609435758
2024/06/03;152.9841900892161;195.7729262099501;200.64537552314707
2024/06/04;153.23650537938232;196.980180350968;201.36374396772374
2024/06/05;154.4349515789642;200.73920929206685;203.240786110998
2024/06/06;153.33899976851032;200.980654287209;204.77020480170344
2024/06/07;155.2391876587559;200.6634669894294;202.14005854729498
2024/06/10;152.26669306270298;202.56664910672134;203.01003314739467
2024/06/11;163.32872975811446;204.8438471227513;204.8776132452984
2024/06/12;167.99641136528456;208.8111892700835;206.23481203878086
2024/06/13;168.9188971700537;209.05738821028916;203.18404941037406
2024/06/14;167.53911939773474;209.5260746959972;205.07480440511569
2024/06/17;170.83486459789344;212.27197378038886;205.59681762245478
2024/06/18;168.95830971142203;211.31091857957665;203.10282166374418
2024/06/20;165.3235222686909;211.00792020371966;204.50644139410076
2024/06/21;163.59683668674725;212.9395239128176;208.36919691601346
2024/06/24;164.10932073325964;211.94058297803306;207.89360463554854
2024/06/25;164.84259729736698;213.49344600863657;213.4731522466222
2024/06/26;168.1383182957809;214.06628180613455;213.29915376944234
2024/06/27;168.80851301212857;214.39294782873404;215.07396313679612
2024/06/28;166.06468860159535;211.59971345085737;211.29238200411456
2024/07/01;170.8979343447807;216.2298517855548;212.26675924768205
2024/07/02;173.6732936287576;217.43709134391912;214.87675419117923
2024/07/03;174.68251848680526;218.142498045013;215.54953763146153
2024/07/05;178.45922496090512;221.3570981977663;221.09431400437848
2024/07/08;179.62614838791572;220.73217316171983;219.27311927174978
2024/07/09;180.30419657044334;217.56019810534872;219.2151019935569
2024/07/10;183.69457059267774;220.73691252412974;221.76709744466083
2024/07/11;179.42902517671206;215.26878200208895;215.25955795529467
2024/07/12;181.77073759778563;214.72433863108984;214.67956303136185
2024/07/15;184.81417960865053;214.91846291540057;216.3731268662862
2024/07/16;185.14533208242582;212.81643173404157;213.34555692051686
2024/07/17;180.46191934115106;209.97581831471916;209.98158636170658
2024/07/18;176.7561481809908;208.4845378301376;206.1188130539943
2024/07/19;176.8586546709912;206.94115352435395;206.08400624423854
2024/07/22;176.58270637705084;209.70124153066823;210.73559754861884
2024/07/23;177.41057546061668;210.60551187848273;210.8747714302433
2024/07/24;172.30925909141567;203.05427845941554;200.24925019515467
2024/07/25;171.48139000784982;198.0832560148889;194.0433045090737
2024/07/26;171.85195502299345;201.33572731896092;193.71851802315106
2024/07/29;172.07272333884367;202.02694509813216;196.6532816667713
2024/07/30;172.51427207141646;200.22318751287375;197.53487039398925
2024/07/31;175.10039791298675;198.05960295079993;198.9848399180217
2024/08/01;172.16734006004694;197.47253448341863;198.08005850816625
2024/08/02;173.350018822907;193.39156429947667;193.32411791771685
2024/08/05;165.0002716645851;187.0760066132334;184.72856113059348
2024/08/06;163.3918116058741;189.18751651941224;183.61495664800285
2024/08/07;165.4339185274884;188.62885506118334;184.36898562071462
2024/08/08;168.18564480769112;190.64566521508505;187.9533400219797
2024/08/09;170.49582235532105;192.22219589243105;189.8557269296392
2024/08/12;171.71143969282176;192.59619720851555;188.2549516110644
2024/08/13;174.66368952936924;196.00492164557954;190.42414329805283
2024/08/14;175.01889853745226;197.3541816670525;186.02777821748225
2024/08/15;177.38700296120447;199.6876541432053;187.10655810451755
2024/08/16;178.4368867504765;198.47348782439568;189.0321554806141
2024/08/19;178.31056574361614;199.9247972555446;193.3357142590356
2024/08/20;178.79997342648423;201.47570621056988;193.92730552428714
2024/08/21;178.71316176797134;201.16270413436456;192.38451191230607
2024/08/22;177.2370247488252;197.08858779760007;190.00653272418157
2024/08/23;179.06046890638487;197.6766916333848;192.11770713297713
2024/08/26;179.32885415508258;196.11156459112973;192.74410520798446
2024/08/27;179.99982332726313;196.27755893670582;191.0273309046231
2024/08/28;178.78419388889003;194.74089723421747;188.90454236870923
2024/08/29;181.3891123852792;195.93606235542666;187.6633425600133
2024/08/30;180.76550602762603;197.842715144268;189.51934410239784
2024/09/03;175.84774779168154;194.19070829771218;182.53621233256672
2024/09/04;174.33214982767754;193.93460773573315;181.48060734236935
2024/09/05;175.5398894972535;193.69271067833037;182.3970028793431
2024/09/06;174.3084805212862;190.51974400151659;175.06585636935273
2024/09/09;174.3795247430773;192.4263822077044;172.7311856031778
2024/09/10;173.74801651575467;196.4483072273454;172.67307939598712
2024/09/11;175.76091193142386;200.640980537626;175.5769313199571
2024/09/12;175.84774779168154;202.51913882139348;179.67712726611097
2024/09/13;175.63460302543592;204.22180945211147;182.8945784080749
2024/09/16;170.7563178352217;204.5775241206204;183.59147939257227
2024/09/17;171.12730638089891;206.38454822027828;185.05501948167554
2024/09/18;174.20584092168957;204.32614833839776;185.6241650678715
2024/09/19;180.66287852890179;208.06350745629305;188.33050568763193
2024/09/20;180.1340099011758;206.44144973450457;190.01474976358224
2024/09/23;178.76840225042343;205.60672406156067;187.99367821540133
2024/09/24;179.47884446833427;203.5483387623337;188.5047531660057
2024/09/25;178.68946825983525;204.94271751394925;187.575534067543
2024/09/26;179.59723940378035;204.56329145073707;189.0158281166101
2024/09/27;179.81035996828118;203.00290377089195;190.43289391144057
2024/09/30;183.92298665987727;204.08426586364854;192.63980927931405
2024/10/01;178.56317145471968;199.52641374269274;193.96396205719805
2024/10/02;179.01309399098508;197.83796119920453;192.65142340643237
2024/10/03;178.1369061239732;197.5581346598687;192.65142340643237
2024/10/04;179.02890983119647;197.33048485500285;194.04524316122667
2024/10/07;174.99522923106093;194.23814566977217;189.30621686616703
2024/10/08;178.21585221543376;196.6901897020946;190.93235473492666
2024/10/09;181.19177135837253;197.99446223730718;188.00529234251962
2024/10/10;180.79707720368685;197.2261168034094;188.2608387107216
2024/10/11;179.62092081104404;197.4537957735824;189.60820195704267
2024/10/14;182.5810604163886;198.79127301097162;191.606045250987
2024/10/15;184.5939558320578;198.60155268803877;192.1868227501008
2024/10/16;182.95993873086292;197.3589210294624;191.8383277933532
2024/10/17;183.25201748769675;197.6435015138617;189.2481284447759
2024/10/18;185.5017148751305;198.32648009376646;189.81729181677142
2024/10/21;186.6699814989762;198.62053930298563;190.57229900845948
2024/10/22;186.1805980178529;202.76102129614267;191.81511732491614
2024/10/23;182.15479508564212;201.380860631757;189.07389875220167
2024/10/24;182.00481687326285;201.44251609104683;189.00421398949177
2024/10/25;182.66789627664627;203.0645738128353;191.96611876325375
2024/10/28;184.23872262223;202.3246791360507;193.65034505340452
2024/10/29;184.45185528760325;204.8668585500832;197.08846461061637
2024/10/30;181.63381622671324;205.14191656170192;202.64056873295564
2024/10/31;178.32636948295513;192.72518077933347;198.74944486073096
2024/11/01;175.95826505920292;194.63180440286766;198.95851693466014
2024/11/04;175.2478107404197;193.72591538050702;196.577389660012
2024/11/05;176.38449408733223;195.14877405454277;197.1581671591258
2024/11/06;175.80827474595125;199.28451668528993;205.02171379340334
2024/11/07;179.56565612684716;201.77450478219896;209.94658390815556
2024/11/08;179.3523056457709;200.4038374252867;207.1589266127674
2024/11/11;177.19496211640387;198.25533132700323;209.48198325182398
2024/11/12;177.19496211640387;200.63621200990892;210.95713746804557
2024/11/13;177.89826481960566;201.6654265335027;207.7745287074366
2024/11/14;180.3480017284886;202.46697666957712;203.941493256603
2024/11/15;177.80343028269937;196.82773329055755;200.35237226105357
2024/11/18;180.18995223422644;197.18820190413;203.61626212569118
2024/11/19;180.39541294650556;198.15099244071698;206.8917661174471
2024/11/20;180.964383865326;197.06012245783336;204.40611169873418
2024/11/21;180.5850699194457;196.2094579445385;194.70731955016868
2024/11/22;181.6518949300612;198.17216645369916;191.37372713702163
2024/11/25;184.02260104137687;199.02284554964754;194.7305478044053
2024/11/26;185.7532194068467;203.39498757740196;196.4380023487927
2024/11/27;185.65049510114332;201.01883167425268;196.56577553289367
2024/11/29;187.54706483054483;201.2421795963157;196.24054440198185
2024/12/02;189.33299628370108;204.81595050647377;199.1908350486255
2024/12/03;191.75112571390608;204.92049354991005;199.01660535605126
2024/12/04;192.03560512288013;207.87644117630975;202.53602380309127
2024/12/05;192.05932283276098;210.3476468154219;200.52658416782822
2024/12/06;191.9012733384988;210.79912576991853;202.9309930541117
2024/12/09;194.9910979932276;211.9634339961757;203.9310174206571
2024/12/10;195.79714920387755;210.68506025370172;215.32707285045717
2024/12/11;194.7856372809485;213.3748890351205;227.22314046352997
2024/12/12;195.94730892934265;213.6457618251649;223.22290071095176
2024/12/13;196.0816286128516;212.55747297196302;220.7343827785083
2024/12/16;198.38121789714185;214.610477272023;228.6883524177927
2024/12/17;200.3093951052213;215.9743928603328;227.24638650356616
2024/12/18;196.01841365549566;207.86219392377282;219.08309578915862
2024/12/19;197.39342368409365;207.6910956494476;219.21101125965615
2024/12/20;201.10754444620179;207.48676350763859;222.58332335846407
2024/12/23;201.72393868391154;206.84518508121624;226.32774995584674
2024/12/24;204.0393196066684;208.7841238650594;228.04877506530502
2024/12/26;204.68729712131136;208.20434672446257;227.45572536448884
2024/12/27;201.9767985133352;204.60208130923064;224.15318695738858
2024/12/30;199.29789528316465;201.8932513302114;222.38563419625882
2024/12/31;197.8912777758887;200.31072718224854;220.12970116477422
2025/01/02;192.69942267947923;198.92304186862123;220.2808448895084
2025/01/03;192.31219476305705;201.1899007832708;223.0252115487465
2025/01/06;193.60818609496013;203.32846151182014;228.9325514458699
2025/01/07;191.40343134757615;200.7241745762372;227.32780989399131
2025/01/08;191.79063506225353;201.7649239788041;225.53699330702574
2025/01/10;187.16775088466454;199.0988795053564;223.31592044269567
2025/01/13;185.23167180691559;198.26247682725207;222.11817134234587
2025/01/14;184.34660189957074;197.540125082711;220.54830774342133
2025/01/15;187.9737899944421;202.5965872944985;227.39756579989944
2025/01/16;180.37962130803896;201.7744318689311;224.32761229375808
2025/01/17;181.7388154964256;203.88922287216297;227.92084180900792
2025/01/21;175.9384801328482;203.63736586237255;230.30472588258917
2025/01/22;176.8788510270071;212.0489904246651;230.6768403811639
2025/01/23;176.74453134349815;212.29133954432854;230.22332027796358
2025/01/24;176.04910630822107;211.03199616476212;232.8165076408684
2025/01/27;181.6439930603917;206.51726495040984;223.0484575887827
2025/01/28;188.28197501242457;212.5242245218257;227.10685690595028
2025/01/29;189.1512532813028;210.20981157388755;227.23477237644784
2025/01/30;187.75252554282395;197.2169588969681;233.5839826780541
2025/01/31;186.4960556601407;197.250221929759;237.24702145661075
2025/02/03;180.18205036455691;195.282788640842;234.00260704250076
2025/02/04;183.96730005456283;195.97184818728502;239.9913703300493
2025/02/05;183.70651415372487;196.40906530659117;222.49030362672016
2025/02/06;184.2991906815538;197.61139051070276;222.8042763465051
2025/02/07;179.88176721624393;194.72673747760197;215.52474422686285
2025/02/10;180.0953476138955;195.90056817663967;216.83879467059185
2025/02/11;184.02715096939482;195.52989170556893;215.5015159726262
2025/02/12;187.3893541607095;194.38930945666854;213.51301022345544
2025/02/13;191.07590913551732;195.1021678937362;216.45504825909927
2025/02/14;193.5046147281896;194.09942088637013;215.39682875636532
2025/02/18;193.40176941376234;194.67445866455705;213.69904968694325
2025/02/19;193.7182072267136;197.11240127087825;215.44335640803683
2025/02/20;194.47768217954138;198.15526515821267;214.61772180626178
2025/02/21;194.2561636096031;194.38385554423374;208.9197029842615
2025/02/24;195.4823813113159;192.37911982748722;208.44291905522545
2025/02/25;195.434909588937;189.4743718977683;203.98915919944693
2025/02/26;190.1503255074168;190.34580210974542;200.86106391451577
2025/02/27;187.7295338852864;186.9172744291347;195.9421698284186
2025/02/28;191.3211575162088;189.04104834696506;198.01204561061584
2025/03/03;188.3070359191405;184.99347243969618;194.2094950202429
2025/03/04;186.6457192498379;185.05060727637957;198.7562923935649
2025/03/05;186.49541431390412;190.96008180868654;201.1983004601364
2025/03/06;186.171062530411;188.99345056571582;200.41917572423333
2025/03/07;189.12979843455855;187.28869461553745;202.17511435824477
2025/03/10;179.96087061904552;181.02685942504243;193.10597508600767
2025/03/11;174.70791821794808;181.1649425716874;190.97548529888059
2025/03/12;171.65425096991518;182.50778622559;194.54959507959413
2025/03/13;165.87917012701197;180.36493819689133;189.48531986782305
2025/03/14;168.89329172408029;185.02680838575495;192.66358889333733
2025/03/17;169.2967590112474;185.09348027787246;191.26653212302153
2025/03/18;168.26041609817776;182.62682442667386;187.05213355783755
2025/03/19;170.27772833226865;184.67444772756687;190.80086431871584
2025/03/20;169.3758745149214;184.20775906539774;189.5318830910937
2025/03/21;172.67479014364582;186.31251720297413;190.91729016269204
2025/03/24;174.6209008446046;187.17916430458058;195.21318326149947
2025/03/25;177.01004868543987;188.1696473002951;198.56607326717847
2025/03/26;175.2537885713795;185.69823750403302;192.16297199287928
2025/03/27;177.0891641891139;185.98869479782064;188.87994460790583
2025/03/28;172.38207004057543;180.37922919738898;179.67111566585677
2025/03/31;175.72845739167872;178.75545072247934;180.0320073249037
2025/04/01;176.56703574730813;181.9935143648252;182.86101660428892
2025/04/02;177.120807970409;181.96970089154698;182.82608529393613
2025/04/03;160.74489098142553;177.6697284163056;175.46834901359065
2025/04/04;149.02862062034637;171.35075838912718;169.50763393196183
2025/04/07;143.55416175018306;170.40790233996904;170.84645999448995
2025/04/08;136.40254616876095;168.83649017402573;168.45985469357467
2025/04/09;157.31149835785112;185.9458363789813;184.77030440218104
2025/04/10;150.64246556727014;181.59351217742713;177.91316723649405
2025/04/11;156.75771403387785;184.97444207678862;182.94251113791233
2025/04/14;160.21486066995027;184.66966461719622;185.18942676901565
2025/04/15;159.914226596338;183.67921078678884;181.9762264331486
2025/04/16;153.68823094563356;176.95545546184175;178.5069105834934
2025/04/17;155.83213040577735;175.13166131057955;175.98059782696657
2025/04/21;152.81010693903957;171.00789103841254;171.91752084451244
2025/04/22;158.01558761775814;174.67453886915166;176.3414894860135
2025/04/23;161.86036149904155;178.2792541701832;180.85860235985547
2025/04/24;164.84282721394234;184.4268051046579;185.43389258408638
2025/04/25;165.56273231406072;186.59346660663473;188.5539664734121
2025/04/28;166.24309176321447;186.26489025641771;186.98228872293157
2025/04/29;167.08958408938574;187.6363159113156;186.4584079966378
2025/04/30;168.1100990613716;188.21725966419797;184.8750805474398
2025/05/01;168.75881472923027;202.56949272416728;187.78558436044844
2025/05/02;162.45369147397943;207.27422133187022;190.9638533859627
2025/05/05;157.34314213914624;207.69802240989287;191.1734234622798
2025/05/06;157.04252016640638;206.33613381042917;190.03248220575216
2025/05/07;155.25461627105085;206.3551787559903;176.23671334075476
2025/05/08;156.23559769294448;208.65040093183157;179.61290274386866
2025/05/09;157.0583481074901;208.9170739176481;177.8316727028706
2025/05/12;166.9759810994054;213.9312901820462;184.4792575780401
2025/05/13;168.6711681105226;213.87416992801636;185.72493940822733
2025/05/14;168.19588214573153;215.68365849612738;192.52388143772578
2025/05/15;167.49879929093728;216.1702670630718;190.88235885233925
2025/05/16;167.34828864017294;216.7141125452746;193.47853422957164
2025/05/19;165.38377251231174;218.90858316760756;193.88598911188922
2025/05/20;163.86286226532928;218.5746549835307;190.9056404639746
2025/05/21;160.08432855949883;215.90311284968746;196.23768088825128
2025/05/22;159.50606417068425;216.99557234181012;198.92698271202497
2025/05/23;154.68191828353483;214.76293891508703;196.1329047429925
2025/05/27;158.59511049730108;219.7768343611066;201.29030640130492
2025/05/28;158.76144908914918;218.18822924660543;200.66164952975237
2025/05/29;158.38914154838164;218.81795197567615;200.0795380956709
2025/05/30;159.10207654600444;219.61940003317554;199.9398484258589
2025/06/02;159.77539328742827;220.38748297930906;196.78486101197998
2025/06/03;161.01906044712482;220.86453990816574;193.4668845308542
2025/06/04;160.6626050491858;221.29388239454465;195.64393754125194
2025/06/05;158.92781188274205;223.11147891804004;195.8302260059337
2025/06/06;161.53395256724244;224.3995501251374;202.19837818408055
2025/06/09;159.5773625107955;225.53018700430368;205.25228889901098
2025/06/10;160.54377448233373;224.65716728308757;208.17798178485126
2025/06/11;157.46233573216995;225.4681669786747;206.72096908418962
2025/06/12;157.79503711761092;228.44979465800944;204.79770164783653
2025/06/13;155.61663807028842;226.58448369203623;203.59712460535536
2025/06/16;157.17716657346978;228.57860323698452;206.0449130567867
2025/06/17;154.97500141277683;228.05383186565;205.08910418796887
2025/06/18;155.7196164943119;229.10336002566547;202.02356156012056
2025/06/20;159.2208950119841;227.74851484787558;194.2372764391691
2025/06/23;159.61696866612206;231.85122776828894;192.54714526356153
2025/06/24;158.66639673653992;233.8119384539106;194.38881145149375
2025/06/25;159.66450089286286;234.8423925030578;198.94633366195563
2025/06/26;159.2208950119841;237.3135689768628;202.27997943250136
2025/06/27;159.28426728068106;236.5932150558607;208.0963805364304
2025/06/30;162.5241306521511;237.29449486599452;205.4154736100531
2025/07/01;164.6233173888205;234.7374411453216;204.96088635887867
2025/07/02;168.2830205277989;234.27947290998677;208.22459836552062
2025/07/03;169.1623062181422;237.97668598260654;209.26199069695969
2025/07/07;166.31057832852343;237.4423775558379;206.06821245422157
2025/07/08;166.35811055526426;236.9176061845034;203.23578830131922
2025/07/09;167.25323628756368;240.20456546426612;205.87006086122753
2025/07/10;168.2592544144285;239.23613144074793;207.03567102175683
2025/07/11;167.2690763295198;240.11391968968115;210.0312976715009
2025/07/14;165.2570279749178;239.97079094490127;211.62817789997018
2025/07/15;165.64518765851386;241.30656201182288;212.141049216331
2025/07/16;166.4769411221163;241.21114770952082;213.2716924949084
2025/07/17;166.36603662667852;244.11168125235827;213.98271540426325
2025/07/18;167.284916371476;243.3245241953565;215.7078134618227
2025/07/21;168.3147006117112;243.3292927230736;221.5824986309381
2025/07/22;169.83562295956602;241.04417632615562;223.0278438470827
2025/07/23;169.63758008206085;241.33041923306178;221.73401585746316
2025/07/24;169.3286448099903;243.72048698771596;223.99530241461792
2025/07/25;169.42370926347192;245.07059280309588;225.17256227386468
2025/07/28;169.55837987228014;244.49332387891292;224.47320684902684
2025/07/29;167.3562147115872;244.526718155586;228.16818892360874
2025/07/30;165.59765543177306;244.8463407565116;229.07736342595763
2025/07/31;164.42528661218773;254.51157771551794;223.68058269125112
2025/08/01;160.31406362178868;250.031990696267;220.45185535236072
2025/08/04;161.08244481669416;255.5325092918846;227.34059788388112
2025/08/05;160.74180525896654;251.76849308326516;226.90932781594117
2025/08/06;168.92465718531048;250.42796807128002;228.56449210959678
2025/08/07;174.29538737736218;248.47202591337538;229.0657137272402
2025/08/08;181.67817802488835;249.04448256188059;234.77719639951385
2025/08/11;180.16345132369628;248.91568856555907;234.28764226638754
2025/08/12;182.12226794066265;252.47930994883313;237.01516577343415
2025/08/13;185.04067163714032;248.34798586211738;235.40663584624744
2025/08/14;184.6044956919079;249.25438527735295;236.54892882354227
2025/08/15;183.6607728560975;248.1523741471426;237.66790461760263
2025/08/18;183.10564533528915;246.68777991859235;237.20166766771075
2025/08/19;182.8439397681497;243.19094708866436;234.952048595073
2025/08/20;179.2355927315868;241.25886215199864;232.32942573388212
2025/08/21;178.3553147697077;240.94825163097866;232.8306295657259
2025/08/22;180.62341758404386;242.37701627970986;240.2205937148897
2025/08/25;180.14759918086776;240.95781785171994;243.01806877163978
2025/08/26;181.85263630210892;239.89700271784207;241.44448794060537
2025/08/27;182.78843306650506;242.14286261135226;241.84079112659344
2025/08/28;184.43002531381495;243.52862301470842;246.68973366298718
2025/08/29;184.09694880132994;242.1189762248062;248.17006354688326
2025/09/02;182.63775300352728;241.27319690045698;244.25361269607288
